agent,time_stamp,rt(seconds),simTime_stamp,rt(sim)
agent,"2020-10-21 15:22:52.418245",0.10970711708068848,0.6,0.600,"4321"
